years_to_fulfill_commitment,N,pct,cum_pct
1,913355,0.953769056219175,0.953769056219175
2,23078,0.0240991534282137,0.977868209647389
3,11482,0.0119900545828386,0.989858264230227
4,4932,0.00515023072657726,0.995008494956805
5,2478,0.00258764633829247,0.997596141295097
6,1228,0.00128233644205938,0.998878477737157
7,676,0.000705911591882852,0.999584389329039
8,183,0.000191097368808524,0.999775486697848
9,110,0.000114867270868511,0.999890353968716
10,105,0.000109646031283579,1
