years_to_fulfill_commitment,N,pct
1,340448,0.798740589023323
2,38950,0.0913823724693887
3,20652,0.0484525996466705
4,11838,0.0277736720229172
5,6327,0.0148440634303934
6,3889,0.009124160373131
7,2090,0.00490344437640622
8,866,0.00203176211960181
9,837,0.00196372389619713
10,334,0.000783612641971138
