Bi_MultiName,mean_lag
Private,1.18223629395101
Multilateral,0.561423958228021
Bilateral,0.298068266630393
