Year,mean_lag
2002,1.59524088225949
2003,1.67312187578667
2004,1.82339221464861
2005,1.33023801899883
2006,1.37463531435612
2007,1.38902619871478
2008,1.45173106991289
2009,2.52883528081417
2010,1.09545454545455
2011,0.846686762917129
2012,0.368095481585872
2013,0.434831816741364
2014,0.406667660071984
2015,0.534139133070628
2016,0.573758053604284
2017,0.525136428602365
2018,0.461029815255167
2019,0.285310883332016
2020,0.278992735994371
2021,0.266008438021244
2022,0.302777181105745
