IncomegroupName,mean_lag
LMICs,0.451878303099557
LDCs,0.37283266380247
MADCTs,0.368918918918919
UMICs,0.319509345794393
