IncomegroupName,mean_percent_disbursed
UMICs,0.804463067042339
LMICs,0.7213569910992
LDCs,0.718202741077358
MADCTs,0.578905507797011
