Bi_MultiName,mean_percent_disbursed
Bilateral,0.761854063405057
Private,0.724025583263614
Multilateral,0.644389850455523
