years,mean_cumulative_percentage_disbursed
1,0.855733344170706
2,0.936368149370419
3,0.969680946174542
4,0.985621691820677
5,0.992896093805464
6,0.996409175573753
7,0.998219981246501
8,0.999074647991023
9,0.99983506068087
10,1
